{
    "utterances": [
        {
            "text": "A camera",
            "entities": [],
            "traits": [],
            "intent": "object_camera"
        },
        {
            "text": "A plunger",
            "entities": [],
            "traits": [],
            "intent": "object_plunger"
        },
        {
            "text": "A street rat",
            "entities": [],
            "traits": [],
            "intent": "object_streetrat"
        },
        {
            "text": "A wooden axe",
            "entities": [],
            "traits": [],
            "intent": "object_woodenaxe"
        },
        {
            "text": "Hi! Yes, it's beautiful out today.",
            "entities": [],
            "traits": [],
            "intent": "first_response"
        },
        {
            "text": "Hi! Yes, it's beautiful out today. Perfect for a walk in the park.",
            "entities": [],
            "traits": [],
            "intent": "first_response"
        },
        {
            "text": "Perfect for a walk in the park",
            "entities": [],
            "traits": [],
            "intent": "park_response"
        }
    ]
}
